{"model":{"version":2,"nodes":[{"name":"RootNode","position":[0,0,0],"rotation":[0,0,0],"scale":[1,1,1]},{"name":"Model","position":[0,0,0],"rotation":[0,0,0],"scale":[0.01,0.01,0.01]},{"name":"Mesh1","position":[0,0,0],"rotation":[0,0,0],"scale":[1,1,1]}],"parents":[-1,0,1],"skins":[],"vertices":[{"position":{"type":"float32","components":3,"data":[1.43082,0,102.698,1.43082,160.75,-101.823,1.43082,160.75,102.698,1.43082,0,-101.823,-1.13168,0,102.698,-1.13168,160.75,102.698,-1.13168,0,-101.823,-1.13168,160.75,-101.823,-1.13168,160.75,-101.823,-1.13168,160.75,102.698,1.43082,160.75,102.698,1.43082,160.75,-101.823,-1.13168,160.75,102.698,1.43082,0,102.698,1.43082,160.75,102.698,-1.13168,0,102.698,-1.13168,0,102.698,1.43082,0,-101.823,1.43082,0,102.698,-1.13168,0,-101.823,-1.13168,0,-101.823,1.43082,160.75,-101.823,1.43082,0,-101.823,-1.13168,160.75,-101.823]},"normal":{"type":"float32","components":3,"data":[1,0,0,1,0,0,1,0,0,1,0,0,-1,0,0,-1,0,0,-1,0,0,-1,0,0,0,1,0,0,1,0,0,1,0,0,1,0,0,0,1,0,0,1,0,0,1,0,0,1,0,-1,0,0,-1,0,0,-1,0,0,-1,0,0,0,-1,0,0,-1,0,0,-1,0,0,-1]},"texCoord0":{"type":"float32","components":2,"data":[-102.698,0,101.823,160.75,-102.698,160.75,101.823,0,102.698,0,102.698,160.75,-101.823,0,-101.823,160.75,-1.13168,101.823,-1.13168,-102.698,1.43082,-102.698,1.43082,101.823,-1.13168,160.75,1.43082,0,1.43082,160.75,-1.13168,0,1.13168,-102.698,-1.43082,101.823,-1.43082,-102.698,1.13168,101.823,1.13168,0,-1.43082,160.75,-1.43082,0,1.13168,160.75]}}],"meshes":[{"aabb":{"min":[-1.13168,0,-101.823],"max":[1.43082,160.75,102.698]},"vertices":0,"indices":[0,1,2,1,0,3,4,5,6,5,7,6,8,9,10,10,11,8,12,13,14,13,12,15,16,17,18,17,16,19,20,21,22,21,20,23],"type":"triangles","base":0,"count":36}],"meshInstances":[{"node":2,"mesh":0}]}}