{"model":{"version":2,"nodes":[{"name":"RootNode","position":[0,0,0],"rotation":[0,0,0],"scale":[1,1,1]},{"name":"Model","position":[0,0,0],"rotation":[0,0,0],"scale":[0.01,0.01,0.01]},{"name":"Mesh1","position":[0,0,0],"rotation":[0,0,0],"scale":[1,1,1]}],"parents":[-1,0,1],"skins":[],"vertices":[{"position":{"type":"float32","components":3,"data":[-139.194,0,1.07275,142.056,160.75,1.07275,-139.194,160.75,1.07275,142.056,0,1.07275,142.056,0,-1.05225,-139.194,0,-1.05225,-139.194,160.75,-1.05225,142.056,160.75,-1.05225,-139.194,160.75,1.07275,142.056,160.75,1.07275,142.056,160.75,-1.05225,-139.194,160.75,-1.05225,-139.194,0,1.07275,-139.194,160.75,1.07275,-139.194,160.75,-1.05225,-139.194,0,-1.05225,142.056,0,1.07275,-139.194,0,1.07275,-139.194,0,-1.05225,142.056,0,-1.05225,142.056,160.75,1.07275,142.056,0,1.07275,142.056,0,-1.05225,142.056,160.75,-1.05225]},"normal":{"type":"float32","components":3,"data":[0,0,1,0,0,1,0,0,1,0,0,1,0,0,-1,0,0,-1,0,0,-1,0,0,-1,0,1,0,0,1,0,0,1,0,0,1,0,-1,0,0,-1,0,0,-1,0,0,-1,0,0,0,-1,0,0,-1,0,0,-1,0,0,-1,0,1,0,0,1,0,0,1,0,0,1,0,0]},"texCoord0":{"type":"float32","components":2,"data":[-139.194,0,142.056,160.75,-139.194,160.75,142.056,0,-142.056,0,139.194,0,139.194,160.75,-142.056,160.75,-139.194,-1.07275,142.056,-1.07275,142.056,1.05225,-139.194,1.05225,1.07275,0,1.07275,160.75,-1.05225,160.75,-1.05225,0,-142.056,-1.07275,139.194,-1.07275,139.194,1.05225,-142.056,1.05225,-1.07275,160.75,-1.07275,0,1.05225,0,1.05225,160.75]}}],"meshes":[{"aabb":{"min":[-139.194,0,-1.05225],"max":[142.056,160.75,1.07275]},"vertices":0,"indices":[0,1,2,1,0,3,4,5,6,4,6,7,8,9,10,8,10,11,12,13,14,12,14,15,16,17,18,16,18,19,20,21,22,20,22,23],"type":"triangles","base":0,"count":36}],"meshInstances":[{"node":2,"mesh":0}]}}