{"model":{"version":2,"nodes":[{"name":"RootNode","position":[0,0,0],"rotation":[0,0,0],"scale":[1,1,1]},{"name":"Model","position":[0,0,0],"rotation":[0,0,0],"scale":[0.01,0.01,0.01]},{"name":"Mesh1","position":[0,0,0],"rotation":[0,0,0],"scale":[1,1,1]}],"parents":[-1,0,1],"skins":[],"vertices":[{"position":{"type":"float32","components":3,"data":[1.89128,0,1.13782,-1.88872,0,1.13782,1.89128,0,-1.14218,-1.88872,0,-1.14218,-1.88872,0,1.13782,-1.88872,1.75,1.13782,-1.88872,1.75,-1.14218,-1.88872,2.78,-0.00217638,-1.88872,1.75,-1.52218,-1.88872,1.75,1.51782,-1.88872,0,-1.14218,1.89128,1.75,1.13782,1.89128,0,-1.14218,1.89128,1.75,-1.14218,1.89128,1.75,-1.52218,1.89128,2.78,-0.00217638,1.89128,0,1.13782,1.89128,1.75,1.51782,1.89128,2.78,-0.00217638,-1.88872,2.78,-0.00217638,1.89128,1.75,1.51782,-1.88872,1.75,1.51782,0.310828,2.85,-0.207807,0.0660069,2.85,-0.364811,-0.129998,2.85,-0.348255,-0.37513,2.85,-0.0578927,-0.358574,2.85,0.138112,0.127793,2.85,0.366688,-0.246234,2.85,0.299579,-0.0682117,2.85,0.383244,0.215921,2.85,0.321147,0.160526,2.85,-0.334697,0.24403,2.85,-0.281146,-0.0330852,2.85,-0.369435,-0.291465,2.85,-0.235915,-0.218126,2.85,-0.302714,-0.345016,2.85,-0.152411,-0.379754,2.85,0.0411993,-0.313033,2.85,0.22624,-0.16273,2.85,0.35313,0.0308803,2.85,0.387868,0.372925,2.85,0.0763259,0.28926,2.85,0.254349,0.342811,2.85,0.170845,0.356369,2.85,-0.119679,0.377549,2.85,-0.0227661,0.160526,2.85,-0.334697,0.24403,1.75,-0.281146,0.160526,1.75,-0.334697,0.24403,2.85,-0.281146,0.0660069,1.75,-0.364811,0.0660069,2.85,-0.364811,0.160526,1.75,-0.334697,0.160526,2.85,-0.334697,-0.0330852,1.75,-0.369435,-0.0330852,2.85,-0.369435,0.0660069,1.75,-0.364811,0.0660069,2.85,-0.364811,-0.129998,1.75,-0.348255,-0.129998,2.85,-0.348255,-0.0330852,1.75,-0.369435,-0.0330852,2.85,-0.369435,-0.218126,2.85,-0.302714,-0.129998,1.75,-0.348255,-0.218126,1.75,-0.302714,-0.129998,2.85,-0.348255,-0.291465,1.75,-0.235915,-0.291465,2.85,-0.235915,-0.218126,1.75,-0.302714,-0.218126,2.85,-0.302714,-0.345016,2.85,-0.152411,-0.291465,1.75,-0.235915,-0.345016,1.75,-0.152411,-0.291465,2.85,-0.235915,-0.37513,2.85,-0.0578927,-0.345016,1.75,-0.152411,-0.37513,1.75,-0.0578927,-0.345016,2.85,-0.152411,-0.379754,2.85,0.0411993,-0.37513,1.75,-0.0578927,-0.379754,1.75,0.0411993,-0.37513,2.85,-0.0578927,-0.358574,2.85,0.138112,-0.379754,1.75,0.0411993,-0.358574,1.75,0.138112,-0.379754,2.85,0.0411993,-0.313033,2.85,0.22624,-0.358574,1.75,0.138112,-0.313033,1.75,0.22624,-0.358574,2.85,0.138112,-0.246234,2.85,0.299579,-0.313033,1.75,0.22624,-0.246234,1.75,0.299579,-0.313033,2.85,0.22624,-0.246234,2.85,0.299579,-0.246234,1.75,0.299579,-0.16273,2.85,0.35313,-0.16273,1.75,0.35313,-0.16273,2.85,0.35313,-0.16273,1.75,0.35313,-0.0682117,2.85,0.383244,-0.0682117,1.75,0.383244,-0.0682117,2.85,0.383244,-0.0682117,1.75,0.383244,0.0308803,2.85,0.387868,0.0308803,1.75,0.387868,0.0308803,2.85,0.387868,0.0308803,1.75,0.387868,0.127793,2.85,0.366688,0.127793,1.75,0.366688,0.127793,2.85,0.366688,0.127793,1.75,0.366688,0.215921,2.85,0.321147,0.215921,1.75,0.321147,0.215921,2.85,0.321147,0.215921,1.75,0.321147,0.28926,2.85,0.254349,0.28926,1.75,0.254349,0.342811,1.75,0.170845,0.342811,2.85,0.170845,0.28926,1.75,0.254349,0.28926,2.85,0.254349,0.372925,1.75,0.0763259,0.372925,2.85,0.0763259,0.342811,1.75,0.170845,0.342811,2.85,0.170845,0.377549,1.75,-0.0227661,0.377549,2.85,-0.0227661,0.372925,1.75,0.0763259,0.372925,2.85,0.0763259,0.356369,1.75,-0.119679,0.356369,2.85,-0.119679,0.377549,1.75,-0.0227661,0.377549,2.85,-0.0227661,0.310828,1.75,-0.207807,0.310828,2.85,-0.207807,0.356369,1.75,-0.119679,0.356369,2.85,-0.119679,0.24403,1.75,-0.281146,0.24403,2.85,-0.281146,0.310828,1.75,-0.207807,0.310828,2.85,-0.207807,1.89128,1.75,-1.52218,-1.88872,1.75,-1.52218,1.89128,2.78,-0.00217638,-1.88872,2.78,-0.00217638,1.89128,1.75,1.13782,-1.88872,1.75,1.13782,-1.88872,0,1.13782,1.89128,0,1.13782,1.89128,0,-1.14218,-1.88872,0,-1.14218,-1.88872,1.75,-1.14218,1.89128,1.75,-1.14218,1.89128,1.75,-1.14218,-1.88872,1.75,-1.52218,-1.88872,1.75,-1.14218,1.89128,1.75,-1.52218,1.89128,1.75,1.13782,-1.88872,1.75,1.13782,1.89128,1.75,1.51782,-1.88872,1.75,1.51782]},"normal":{"type":"float32","components":3,"data":[0,-1,0,0,-1,0,0,-1,0,0,-1,0,-1,0,0,-1,0,0,-1,0,0,-1,0,0,-1,0,0,-1,0,0,-1,0,0,1,0,0,1,0,0,1,0,0,1,0,0,1,0,0,1,0,0,1,0,0,0,0.827837,0.560969,0,0.827837,0.560969,0,0.827837,0.560969,0,0.827837,0.560969,0,1,0,0,1,0,0,1,0,0,1,0,0,1,0,0,1,0,0,1,0,0,1,0,0,1,0,0,1,0,0,1,0,0,1,0,0,1,0,0,1,0,0,1,0,0,1,0,0,1,0,0,1,0,0,1,0,0,1,0,0,1,0,0,1,0,0,1,0,0,1,0,0.425337,0,-0.905035,0.645084,0,-0.764112,0.425337,0,-0.905035,0.645084,0,-0.764112,0.176603,0,-0.984282,0.176603,0,-0.984282,0.425337,0,-0.905035,0.425337,0,-0.905035,-0.0841651,0,-0.996452,-0.0841651,0,-0.996452,0.176603,0,-0.984282,0.176603,0,-0.984282,-0.339198,0,-0.940715,-0.339198,0,-0.940715,-0.0841651,0,-0.996452,-0.0841651,0,-0.996452,-0.571115,0,-0.82087,-0.339198,0,-0.940715,-0.571115,0,-0.82087,-0.339198,0,-0.940715,-0.764112,0,-0.645084,-0.764112,0,-0.645084,-0.571115,0,-0.82087,-0.571115,0,-0.82087,-0.905035,0,-0.425337,-0.764112,0,-0.645084,-0.905035,0,-0.425337,-0.764112,0,-0.645084,-0.984282,0,-0.176603,-0.905035,0,-0.425337,-0.984282,0,-0.176603,-0.905035,0,-0.425337,-0.996452,0,0.0841651,-0.984282,0,-0.176603,-0.996452,0,0.0841651,-0.984282,0,-0.176603,-0.940715,0,0.339198,-0.996452,0,0.0841651,-0.940715,0,0.339198,-0.996452,0,0.0841651,-0.82087,0,0.571115,-0.940715,0,0.339198,-0.82087,0,0.571115,-0.940715,0,0.339198,-0.645084,0,0.764112,-0.82087,0,0.571115,-0.645084,0,0.764112,-0.82087,0,0.571115,-0.645084,0,0.764112,-0.645084,0,0.764112,-0.425337,0,0.905035,-0.425337,0,0.905035,-0.425337,0,0.905035,-0.425337,0,0.905035,-0.176603,0,0.984282,-0.176603,0,0.984282,-0.176603,0,0.984282,-0.176603,0,0.984282,0.0841651,0,0.996452,0.0841651,0,0.996452,0.0841651,0,0.996452,0.0841651,0,0.996452,0.339198,0,0.940715,0.339198,0,0.940715,0.339198,0,0.940715,0.339198,0,0.940715,0.571115,0,0.82087,0.571115,0,0.82087,0.571115,0,0.82087,0.571115,0,0.82087,0.764112,0,0.645084,0.764112,0,0.645084,0.905035,0,0.425337,0.905035,0,0.425337,0.764112,0,0.645084,0.764112,0,0.645084,0.984282,0,0.176603,0.984282,0,0.176603,0.905035,0,0.425337,0.905035,0,0.425337,0.996452,0,-0.0841651,0.996452,0,-0.0841651,0.984282,0,0.176603,0.984282,0,0.176603,0.940715,0,-0.339198,0.940715,0,-0.339198,0.996452,0,-0.0841651,0.996452,0,-0.0841651,0.82087,0,-0.571115,0.82087,0,-0.571115,0.940715,0,-0.339198,0.940715,0,-0.339198,0.645084,0,-0.764112,0.645084,0,-0.764112,0.82087,0,-0.571115,0.82087,0,-0.571115,0,0.827837,-0.560969,0,0.827837,-0.560969,0,0.827837,-0.560969,0,0.827837,-0.560969,0,0,1,0,0,1,0,0,1,0,0,1,0,0,-1,0,0,-1,0,0,-1,0,0,-1,0,1,0,0,1,0,0,1,0,0,1,0,0,1,0,0,1,0,0,1,0,0,1,0]},"texCoord0":{"type":"float32","components":2,