{"model":{"version":2,"nodes":[{"name":"RootNode","position":[0,0,0],"rotation":[0,0,0],"scale":[1,1,1]},{"name":"Model","position":[0,0,0],"rotation":[0,0,0],"scale":[0.01,0.01,0.01]},{"name":"Mesh1","position":[0,0,0],"rotation":[0,0,0],"scale":[1,1,1]}],"parents":[-1,0,1],"skins":[],"vertices":[{"position":{"type":"float32","components":3,"data":[-140.39,0,106.669,140.86,0,-97.8523,140.86,0,106.669,-140.39,0,-97.8523,-140.39,2.4375,106.669,140.86,2.4375,106.669,-140.39,2.4375,-97.8523,140.86,2.4375,-97.8523,140.86,2.4375,-97.8523,140.86,2.4375,106.669,140.86,0,106.669,140.86,0,-97.8523,140.86,2.4375,106.669,-140.39,2.4375,106.669,-140.39,0,106.669,140.86,0,106.669,-140.39,2.4375,106.669,-140.39,0,-97.8523,-140.39,0,106.669,-140.39,2.4375,-97.8523,-140.39,2.4375,-97.8523,140.86,0,-97.8523,-140.39,0,-97.8523,140.86,2.4375,-97.8523]},"normal":{"type":"float32","components":3,"data":[0,-1,0,0,-1,0,0,-1,0,0,-1,0,0,1,0,0,1,0,0,1,0,0,1,0,1,0,0,1,0,0,1,0,0,1,0,0,0,0,1,0,0,1,0,0,1,0,0,1,-1,0,0,-1,0,0,-1,0,0,-1,0,0,0,0,-1,0,0,-1,0,0,-1,0,0,-1]},"texCoord0":{"type":"float32","components":2,"data":[1.14849,-2.07573,-1.19526,2.18512,-1.19526,-2.07573,1.14849,2.18512,1.24674,-2.07573,3.59049,-2.07573,1.24674,2.18512,3.59049,2.18512,2.90196,-2.02495,1.19762,-2.02495,1.19762,-2.07573,2.90196,-2.07573,3.59049,-2.02495,1.24674,-2.02495,1.24674,-2.07573,3.59049,-2.07573,1.19762,-2.02495,-0.506722,-2.07573,1.19762,-2.07573,-0.506722,-2.02495,1.14849,-2.02495,-1.19526,-2.07573,1.14849,-2.07573,-1.19526,-2.02495]}}],"meshes":[{"aabb":{"min":[-140.39,0,-97.8523],"max":[140.86,2.4375,106.669]},"vertices":0,"indices":[0,1,2,1,0,3,4,5,6,5,7,6,8,9,10,10,11,8,12,13,14,12,14,15,16,17,18,17,16,19,20,21,22,21,20,23],"type":"triangles","base":0,"count":36}],"meshInstances":[{"node":2,"mesh":0}]}}